"TYPE","DOMAIN","NAME","PAGENO","ANNOTATION","ASSIGNEDFIELD","X1","Y1","PAGEH","BOX_W","BOX_H","LINE_PAGENO","LINE_X1","LINE_Y1","LINE_X2","LINE_Y2"
"ANNOTATION","DM","","1","DM (Demographics)","","52.307692","42.307692","841.890015","","","","","","",""
"ANNOTATION","SV","","1","SV (Subject Visits)","","415.384615","36.153846","841.890015","","","","","","",""
"ANNOTATION","SV","VISIT","1","VISIT = Visit 1","Y","190.0","80.769231","841.890015","","","","","","",""
"ANNOTATION","DM","SUBJID","1","SUBJID","","101.538461","100.76923","841.890015","","","","","","",""
"ANNOTATION","DM","RACE","1","RACE
If mutiple races are chosen, then RACE = MULTIPLE and map the chosen options as RACE1, RACE2 , etc., in SUPPDM","","204.615385","255.384615","841.890015","378.461538","37.692308","","","","",""
"ANNOTATION","DM","ETHNIC","1","ETHNIC","","108.461538","296.923077","841.890015","","","","","","",""
"ANNOTATION","NOTSUB","NOTSUB","1","[NOT SUBMITTED]","","122.307692","381.538462","841.890015","","","","","","",""
"LINE","","","","","","","","","","","1","65.384615","267.692308","203.846154","266.153846"
